Very Low,Low,Medium,High,Very High
19.38497387110258,,,,46.408193179258966
